Roscoff Culture Collection Identifier,Species,Class,Batch,species colouring,class colouring
RCC69,Phaeodactylum tricornutum ,Bacillariophyceae,01-Feb,FFFF00,FFFF00
RCC128,Tetraselmis chuii,Chlorodendrophyceae,01-Feb,B2DF8A,B2DF8A
RCC6737,Tetraselmis suecica,Chlorodendrophyceae,01-Feb,33A02C,B2DF8A
RCC10364,Chlorella vulgaris,Trebouxiophyceae,01-Feb,156804,156804
RCC6336,Chromera velia,Chromeridophyceae,01-Feb,7E3F1C,7E3F1C
RCC1507,Rhodomonas salina,Cryptophyceae,01-Feb,FDBF6F,FDBF6F
RCC2555,Synechococcus sp.,Cyanophyceae,01-Feb,22536C,A6CEE3
RCC407,Prochlorococcus marinus,Cyanophyceae,01-Feb,A6CEE3,A6CEE3
RCC539,Synechococcus sp.,Cyanophyceae,01-Feb,00B0F0,A6CEE3
RCC1511,Thoracosphaera heimii,Dinophyceae,01-Feb,BA9ACA,CAB2D6
RCC3042,Heterocapsa rotundata,Dinophyceae,01-Feb,ECE4F0,CAB2D6
RCC88,Amphidinium carterae,Dinophyceae,01-Feb,CAB2D6,CAB2D6
RCC10619,Nannochloropsis oceanica,Eustigmatophyceae,01-Feb,D06E02,FF7F00
RCC8,Nannochloropsis granulata,Eustigmatophyceae,01-Feb,FF7F00,FF7F00
RCC827,Micromonas commoda,Mamiellophyceae,01-Feb,6A3D9A,6A3D9A
RCC950,Thalassiosira pseudonana,Mediophyceae,01-Feb,E31A1C,E31A1C
RCC6537,Olisthodiscus luteus,Olisthodiscophyceae,01-Feb,FB9A99,FB9A99
RCC1435,Prymnesium parvum,Prymnesiophyceae,01-Feb,1F78B4,1F78B4
RCC10706,Hemiselmis andersenii,Cryptophyceae,2,,FDBF6F
RCC10952,Florienciella parvula,Dictyocophyceae,2,00CC99,00CC99
RCC6327,Eutreptiella braarudii,Euglenophyceae,2,,FF00FF
RCC809,Ostreococcus cladeB,Mamiellophyceae,2,,6A3D9A
RCC1216,Emiliania huxleyi,Prymnesiophyceae,2,,1F78B4
RCC1348,Isochrysis galbana,Prymnesiophyceae,2,,1F78B4
RCC10839,Picochlorum oklahomense,Trebouxiophyceae,2,,156804
